,species,mass,GC_percentage,molecular_weight
0,Ursus spelaeus,550.8,43.771929824561404,3207.7007000000003
1,Ursus arctos,203.5,43.771929824561404,3173.6845000000003
2,Ursus thibetanus,99.714,45.6140350877193,3143.6585000000005
3,Melursus ursinus,100.03,45.175438596491226,3143.6585000000005
4,Ursus americanus,110.56,43.94736842105263,3173.6845000000003
5,Helarctos malayanus,47.02,44.29824561403509,3143.6585000000005
6,Ailuropoda melanoleuca,118.2,40.78947368421053,3277.8335000000006
7,Tremarctos ornatus,140.7,44.3859649122807,3180.6754
8,Ursus maritimus,425.1,44.29824561403509,3207.7007000000003
